# Que adaptador recortar en cada BioProject, y con que secuencia.
#
# Por que este fichero existe y no se deduce en tiempo de corrida: `yasma trim`
# lee los adaptadores de inputs.json, que normalmente escribe `yasma adapter`.
# Y `yasma adapter` devuelve "None" tanto para una libreria ya recortada a
# largo fijo como para mRNA — son situaciones opuestas— y `yasma trim` ante un
# "None" DESCARTA la libreria: no la agrega a trimmed_libraries y desaparece del
# pipeline sin error. Una libreria mal clasificada se perderia en silencio.
# Por eso el adaptador se decide con `fetch_runs.sh perfil`, se escribe aca, y
# `scripts/trim.sh` arma inputs.json desde este fichero.
#
# COLUMNAS
#   org, bioproject  a que proyecto aplica (el adaptador es del kit, o sea del
#                    proyecto, no de la corrida)
#   familia          lo que detecto `perfil`. NO es lo que se le pasa a cutadapt:
#                    TGGAATTCTCGGG es el prefijo compartido por 50 entradas de
#                    la familia RPI, sirve para detectar y no para recortar.
#   secuencia        lo que se le pasa a cutadapt como -a. El adaptador 3'
#                    completo, o PRE-TRIMMED si la libreria ya viene recortada
#                    (YASMA la pasa de largo sin tocarla).
#   adapt_pct        % de reads con adaptador que midio `perfil`
#   inserto_modal    largo modal del inserto, en nt
#   veredicto        el de `perfil`
#   fecha_utc        cuando se midio
#
# COMO SE LLENA
#   ./scripts/fetch_runs.sh perfil --proyectos     (desde Colab, necesita los .sra)
#   y de ahi a mano, porque elegir la secuencia completa a partir de la familia
#   es una decision, no una traduccion: ver la tabla de abajo.
#
# DE FAMILIA A SECUENCIA
#   RA3               -> TGGAATTCTCGGGTGCCAAGG      Illumina RNA 3p Adapter
#   TruSeq_universal  -> AGATCGGAAGAGCACACGTCTGAACTCCAGTCA
#   smallRNA_2011     -> TCGTATGCCGTCTTCTGCTTG      es el adaptador, no un fragmento
#   5p:RA5            -> NO RECORTAR. Es un adaptador 5': encontrarlo significa
#                        dimero o quimera, no read-through 3'. Necesita mirarse.
#   ??:sin_identificar-> NO RECORTAR. No esta en los 161 adaptadores de YASMA.
#
# Un proyecto que no este en este fichero hace fallar a trim.sh a proposito: es
# mejor que recortar con una secuencia adivinada.
org	bioproject	familia	secuencia	adapt_pct	inserto_modal	veredicto	fecha_utc
