# Ensamblados de referencia, uno por organismo.
#
# estado — qué significa:
#   heredado   : en uso desde R1; la URL está en config.sh.
#   candidato  : propuesto pero NO comprobado contra NCBI/Ensembl desde esta
#                sesión (sin red hacia esas bases). fetch_genomes.sh se NIEGA
#                a bajarlo. Confirmar con: ./scripts/fetch_genomes.sh resolve <org>
#   verificado : alguien corrió resolve y confirmó. Recién ahí se descarga.
#
# confianza — qué tan probable es que el candidato sea correcto:
#   alta  : ensamblado de referencia bien establecido; resolve debería confirmarlo.
#   media : el ensamblado correcto es claro, pero el accession exacto o el par
#           GCA/GCF puede no coincidir. Mirar con atención.
#   nula  : no hay candidato. Hay que buscarlo.
#
# Un ensamblado equivocado no falla ruidosamente: alinea peor y contamina la
# anotación. Por eso ninguna fila llega a 'verificado' sin que una persona mire.
#
# 'resolve' cierra con un veredicto por organismo. COINCIDE = el candidato es la
# referencia vigente. DIFIERE = NCBI tiene otra, y gana NCBI: hay que corregir el
# accession Y el nombre del assembly, que van juntos. SIN CANDIDATO = elegir de
# la lista de cepas que imprime. SIN RESPUESTA UTIL = hubo error de red o NCBI no
# contestó, y eso NO es un veredicto: no confirmar nada, volver a correr resolve.
#
# El ensamblado NO tiene que coincidir con el de MirGeneDB ni miRBase: los
# positivos se etiquetan por secuencia (docs/positivos.md). Elegir por
# contigüidad, completitud y que sea la referencia vigente.
org	especie	fuente	assembly	accession	estado	confianza	nota
rhirr	Rhizophagus irregularis	NCBI	ASM43914v3	GCF_000439145.1	candidato	alta	RESUELTO 2026-09-17 desde el nombre del assembly, sin config.sh. NCBI lista DOS con nombre ASM43914v3 y stats identicas (Scaffold, N50 0.3 Mb, 136.7 Mb, cepa DAOM 197198): GCA_000439145.3 (GenBank) y GCF_000439145.1 (RefSeq). Se elige el GCF por consistencia con los otros cinco, que son todos RefSeq, y porque RefSeq es la copia curada. El GCA es el equivalente si hiciera falta. Pendiente: resolve rhirr para ver assembly_status antes de verificar.
sclsc	Sclerotinia sclerotiorum	EnsemblGenomes 57	ASM14694v1		candidato	nula	PENDIENTE: ASM14694v1 es nombre de EnsemblGenomes 57 y NCBI no lo usa — 0 de 38 ensamblados coinciden. Es la trampa Ensembl/NCBI, que ya esta documentada. Siguiente paso: cepas sclsc sin --grep para listar los 38, o buscar por la cepa de referencia (el aislado 1980 / 1980 UF-70). Mientras no tenga accession, verificar lo reporta SIN RESPALDO y no hay registro de contra que se alineo en R1.
phypa	Physcomitrium patens	EnsemblGenomes 57	Phypa_V3		candidato	nula	PENDIENTE: Phypa_V3 es nombre de EnsemblGenomes 57 y NCBI no lo usa — 0 de 4 ensamblados coinciden. Misma trampa Ensembl/NCBI que sclsc. La especie tiene solo 4 ensamblados en NCBI, asi que alcanza con cepas phypa sin --grep y mirarlos. Ojo que el genero se renombro: Physcomitrella patens paso a Physcomitrium patens, y submissions viejas pueden estar bajo el nombre anterior.
cloro	Clonostachys rosea	?	C_rosea_IK726	GCA_902827195.2	candidato	media	ENCONTRADO 2026-09-17: GCA_902827195.2 (C_rosea_IK726, Scaffold, N50 1.9 Mb). ES LA CEPA DE LOS DATOS: PRJEB43636 son mutantes Dicer-like del grupo de Karlsson (SLU) sobre IK726, asi que no hay divergencia de cepa ni perdida por presencia/ausencia de genes. Por eso se prefiere a la referencia de la especie (GCA_054828895.1, cepa NF-06): resolve va a decir DIFIERE y esta bien que lo diga, la eleccion es deliberada. Aparecio solo despues de arreglar la paginacion de listar_cepas: la especie tiene 78 ensamblados y la version vieja listaba 20. El sinonimo Bionectria ochroleuca da el mismo resultado, NCBI lo resuelve al mismo taxon. PENDIENTE ANTES DE VERIFICAR: son 70.7 Mb contra una mediana de 55.2 Mb en las otras 20 cepas y 10 Mb mas que la mayor, y la publicacion de Karlsson declara ~58 Mb. Puede ser contenido duplicado o contaminacion, y eso infla el multimapeo justo bajo bowtie -m 50. Hay que (a) correr resolve cloro para ver assembly_status —el chequeo que agarro los suppressed de maldo y maggi— (b) HECHO: no existe una version .1 — de 78 ensamblados solo matchea GCA_902827195.2, asi que 70.7 Mb es lo unico que hay de IK726. La anomalia queda sin explicar, pero el riesgo concreto es contenido duplicado o contaminante: eso hace que YASMA pueda anotar el mismo locus dos veces y parta los conteos, no que se pierdan reads (un read en 2 copias esta lejos del corte de bowtie -m 50). Es un artefacto detectable despues del alineamiento —loci duplicados con el mismo RNA mayoritario— mientras que usar otra cepa pierde loci en silencio. Por eso se prefiere IK726 igual. Falta solo el assembly_status.
prupe	Prunus persica	NCBI RefSeq	Prunus_persica_NCBIv2	GCF_000346465.2	verificado	alta	Verificado 2026-09-17 contra NCBI: es la referencia vigente, estado current. cv. Lovell doble-haploide. Chromosome, N50 27.4 Mb, 227.4 Mb.
maldo	Malus domestica	NCBI	GDT2T_hap1	GCF_042453785.1	verificado	alta	Cambiado 2026-09-17. El candidato anterior GCF_002114115.1 (ASM211411v1 / GDDH13 v1.1) esta RETIRADO por NCBI (suppressed). GDT2T es Golden Delicious telomero-a-telomero, el mismo cultivar del que deriva GDDH13: Complete Genome, N50 37.7 Mb, 650.8 Mb contra 703 Mb del viejo, que eran secuencia no ubicada y haplotigos. OJO: hap1 es UN haplotipo de un genoma heterocigoto; da igual frente a GDDH13 acá porque los reads vienen de otro cultivar igual, pero va declarado en metodos. Las coordenadas no coinciden con la literatura de manzana, que usa GDDH13; no afecta porque los positivos se etiquetan por secuencia (docs/positivos.md).
gadmo	Gadus morhua	NCBI RefSeq	gadMor3.0	GCF_902167405.1	verificado	alta	Verificado 2026-09-17 contra NCBI: es la referencia vigente, estado current. Chromosome, N50 28.7 Mb, 669.9 Mb. Organismo de entrenamiento.
galga	Gallus gallus	NCBI RefSeq	bGalGal1.mat.broiler.GRCg7b	GCF_016699485.2	verificado	alta	Verificado 2026-09-17 contra NCBI: es la referencia vigente, estado current. Chromosome, N50 90.9 Mb, 1053.3 Mb. Organismo de entrenamiento.
maggi	Magallana gigas	NCBI RefSeq	xbMagGiga1.1	GCF_963853765.1	verificado	alta	Cambiado 2026-09-17. El candidato anterior GCF_902806645.1 (cgigas_uk_roslin_v1) esta RETIRADO por NCBI (suppressed). xbMagGiga1.1 es de Darwin Tree of Life: Chromosome, N50 57.3 Mb, 564 Mb contra 647.9 Mb del de Roslin. Los 84 Mb de diferencia son la razon para preferirlo, no para desconfiar: la ostra es muy polimorfica y el de Roslin retuvo haplotigos, o sea la misma region dos veces, o sea multimapeo inflado bajo bowtie -m 50. Pesa mas que en otros porque maggi es organismo de ENTRENAMIENTO. NCBI lo lista bajo Magallana gigas; gran parte de la literatura lo tiene como Crassostrea gigas.
