org	run	md5	formato	fecha_utc
cloro	ERR5950791	947d7dd7082b4694709424ff5bc87601	sra	2026-09-11
cloro	ERR5950921	baa46b29a4784262ab0debf36c669d46	sra	2026-09-11
cloro	ERR5950923	4bbdce169808ee9d8d0b5b9b7ca2104b	sra	2026-09-11
cloro	ERR5950927	859e24d548e3d7a7dad7335ed6434348	sra	2026-09-11
cloro	ERR5950930	fb4eab39c55f3343231e14abf48a355e	sra	2026-09-11
cloro	ERR5950932	a19d2d1164c40d48ab084636a2ee2ea2	sra	2026-09-11
cloro	ERR5952369	6b6e12ff661db1a8cafd96eda8970fc7	sra	2026-09-11
cloro	ERR5954182	609685e0a2e2c8b7c8a87a9e912725ba	sra	2026-09-11
cloro	ERR5954214	e9c505fe6a9f83ceb1ba4230c23a339f	sra	2026-09-11
cloro	ERR5954218	b5fb7c33de21209061da7acbe0dadb09	sra	2026-09-11
cloro	ERR5954220	bbd9f77ed42c10edc20956baab310e4a	sra	2026-09-11
cloro	ERR5954367	c29ebf07532ca61e82e4c618c661705d	sra	2026-09-11
cloro	ERR5956441	468a28f350affa9c065177b9b23719f0	sra	2026-09-11
cloro	ERR5956514	2f944f24ed28cfd53d469a27515709b2	sra	2026-09-11
cloro	ERR5956515	46edc0d3c9b57011bf92fc1b425690dc	sra	2026-09-11
cloro	ERR5957080	6f91aba24635215f6123a332b3a771fa	sra	2026-09-11
cloro	ERR5959762	9721911b1b326ae252e6938ffc3e33b0	sra	2026-09-11
cloro	ERR5959764	7e1a356e3310fc313b321e38ef786daf	sra	2026-09-11
cloro	ERR5960091	7ac764180961976148dcc2644f41d889	sra	2026-09-11
cloro	ERR5960110	e3cecce7e4a1f26fad92d66b31582490	sra	2026-09-11
cloro	ERR5960111	a37fcb337f7cc8e6a5d6cd5f1c7f16eb	sra	2026-09-11
cloro	ERR5961147	558c04e214f31c9822caa4007989ddac	sra	2026-09-11
cloro	ERR5961148	cf42eab68ffb3921f3460f2a23294fd6	sra	2026-09-11
cloro	ERR5961277	2c1198d6ca6141bd5d32ab517f3e6c14	sra	2026-09-11
cloro	ERR5961284	7cc277e23ef0a0547647dafa36959b19	sra	2026-09-11
cloro	ERR5961861	df1fecdcb2ba983410bad302a90c69e5	sra	2026-09-11
cloro	ERR5962313	8779b1e78cdee932dc466aa315229360	sra	2026-09-11
cloro	ERR5962320	a53f0ec5faac9ed51c23e7ea8925d05f	sra	2026-09-11
cloro	ERR5962321	0b320f05942331121bd503013ef2af9b	sra	2026-09-11
cloro	ERR5962325	7b7da61728f5e665fd50dd98a5cfcef1	sra	2026-09-11
cloro	ERR5962328	b48744d5fa2ae42ec57c60bd696e26b9	sra	2026-09-11
cloro	ERR5962331	303400b49521ff573784032b11f76a89	sra	2026-09-11
cloro	ERR5962517	c4c32cb6d5a52218f8cc023d2beecc1a	sra	2026-09-11
cloro	ERR5962536	4fe832cc59444a91d55ec7ac2d284526	sra	2026-09-11
cloro	ERR9078297	5871570874f39f2fdb7e01d0753bd2ba	sra	2026-09-11
cloro	ERR9078345	4163421591b2121fadb86346e4ebbb9f	sra	2026-09-11
cloro	ERR9121006	8a64d00e6e6d45a09da70ad56b55ef4b	sra	2026-09-11
cloro	ERR9122112	15c9719cc0265fb5785af428e7694d89	sra	2026-09-11
cloro	ERR9122364	0b7a573a93ba568e5bfd4f4b90320cbf	sra	2026-09-11
cloro	ERR9126315	d7101e444f60c503246ae5c33190b2dc	sra	2026-09-11
cloro	ERR9126957	2a0441ce453aef59d73f3d6f195eb495	sra	2026-09-11
cloro	ERR9127134	9f596d421a0093e9ad208c9de072ab5d	sra	2026-09-11
cloro	ERR9127135	8a1bd9697a63e750b5c8314b0d5b43ca	sra	2026-09-11
cloro	ERR9128394	56195d58025519b995a2777fd4f57186	sra	2026-09-11
cloro	ERR9130362	c41098d2319687d5342789e206e8451c	sra	2026-09-11
cloro	ERR9130475	68d670cfd8d426c7cb03602f0bb385a6	sra	2026-09-11
cloro	ERR9132653	96181d36e95074eb1ba52154bcd2c95c	sra	2026-09-11
cloro	ERR9147845	1f013819effe94ffab2afea98b460740	sra	2026-09-11
cloro	ERR9167744	7315f8fe0d76b828221f5a7400d732ce	sra	2026-09-11
cloro	ERR9175317	1ee3118190e3921e9a57445021d8c327	sra	2026-09-11
cloro	ERR9179355	5fc0e7ca074802706dc50c307001ab6e	sra	2026-09-11
cloro	ERR9185330	3ccc19e45b55b90c816c4d38823dca6f	sra	2026-09-11
cloro	ERR9187055	2a36d8f35056ab0ec8a3d76e40214aeb	sra	2026-09-11
cloro	ERR9187519	a6404db2039cc001f03c72a578307c24	sra	2026-09-11
cloro	ERR9187521	8a1dda3a2d37134eb21f55004614eecd	sra	2026-09-11
cloro	ERR9187599	50763d26e74b254ffbefcc512e8ad34b	sra	2026-09-11
cloro	ERR9187621	30a01fb529e9ccc98a58da469a1b0d69	sra	2026-09-11
gadmo	SRR2039266	d86aac3c4343c763bee89ab26b8e2535	sra	2026-09-11
gadmo	SRR2039267	4ee03d035d3d239d9a4f0a97c4809726	sra	2026-09-11
gadmo	SRR2039332	c46de2ded0dd6fb6d2f4a49a79f30b72	sra	2026-09-11
gadmo	SRR2039404	a8e8d5dd41946fdb3067dd37e6803902	sra	2026-09-11
gadmo	SRR2039435	41e2d0592a2ed96596a45af88e01d0f3	sra	2026-09-11
gadmo	SRR2039436	795058db0c4c23473b7ad2350d104a3e	sra	2026-09-11
gadmo	SRR2039437	bac54a60e62bad74d1e775fc742a869a	sra	2026-09-11
gadmo	SRR3884814	1435d3601325971a841ee995a391fc93	sra	2026-09-11
gadmo	SRR3884815	7098db36c3b77e8007c2e286bf83d336	sra	2026-09-11
gadmo	SRR3884824	f4b2d82ff41f5aef4ea56602c010d3e7	sra	2026-09-11
gadmo	SRR3884828	c21b45d4379a8c9c6da096d812ca21d6	sra	2026-09-11
gadmo	SRR3884830	a1a56a7bd72bb2c526f1503116daf054	sra	2026-09-11
gadmo	SRR3884832	8eda30fe24cba2680e1dc21ee7e432db	sra	2026-09-11
gadmo	SRR3884833	c1cbfaef61322929a340aba95c4602d3	sra	2026-09-11
gadmo	SRR3884834	c18bd344851e883fb22732386e5fc1ce	sra	2026-09-11
gadmo	SRR3884835	7d2e51bd52bdfe6f4aea16fb986d468b	sra	2026-09-11
gadmo	SRR3884836	820804a4165da871707e7405203d1984	sra	2026-09-11
gadmo	SRR3884837	115e50ed099b225350e0cf33628b90f4	sra	2026-09-11
gadmo	SRR3884866	73ea95a8493c2a4b0a48bc6e63a2f1a2	sra	2026-09-11
galga	ERR1193576	007d22a6fa86f48fcba85aba2c55ccb8	sra	2026-09-11
galga	ERR1193577	6f27c3b810c01c91ac549ac3936d02fb	sra	2026-09-11
galga	ERR1193578	e0926ce89c2e086c5aa461d37eddbe73	sra	2026-09-11
galga	ERR1193579	5573481497c9e837d52e93e78dee7ae9	sra	2026-09-11
galga	ERR1193580	154eab41909e5190aa630b49e66ec2c8	sra	2026-09-11
galga	ERR1193581	6315ec0acf59fb23820e2e02f9cf1170	sra	2026-09-11
galga	ERR1193582	cdb9792d39c4ceb5707e240a10f73d77	sra	2026-09-11
galga	ERR1193583	481cec845423fce91adee573f8eab33e	sra	2026-09-11
galga	ERR1193584	bc0eb7976bb90b72d660ad743b9c788b	sra	2026-09-11
galga	ERR1193585	3d010f38451fd80599f027d7ebf5c124	sra	2026-09-11
galga	ERR1193586	396b2b9c70973921b4435bcee61b77c9	sra	2026-09-11
galga	ERR1193587	45d9dd4b70b67984ca016a132e8b6858	sra	2026-09-11
galga	ERR1193588	2e113393e30838cfd69df5ce6987dcfa	sra	2026-09-11
galga	ERR1193589	a699d7e174538ac4baa722e8a0ec6123	sra	2026-09-11
galga	ERR1193590	6beaca01d59e9e323c8ec47e0d710470	sra	2026-09-11
galga	ERR1193591	e5cce67ed8fafc8ae48b592204c8dedb	sra	2026-09-11
galga	ERR1193592	297ef68046541bcfe25c23a24c1422c5	sra	2026-09-11
galga	ERR1193593	d740d902ab2057bdaf743c7b0801e89e	sra	2026-09-11
galga	ERR1193594	f802429c7b7c5554c802f23357e017ea	sra	2026-09-11
galga	ERR1193595	32dfa45b4f5607e9aec49ed1d77ad890	sra	2026-09-11
galga	ERR1193596	6f7d8eb8510bbcb2dd0845400ef9236f	sra	2026-09-11
galga	ERR1193597	09eeff4c3e93cce7d6e6ba63c5e30f7e	sra	2026-09-11
galga	ERR1193598	92a93334c3720cf5b5d4aa373c36e027	sra	2026-09-11
galga	ERR1193599	e8955ad5bd6c8fee61fd54d825e1dcf4	sra	2026-09-11
galga	ERR1193600	b4ad4b6139e812d2acaf8f64aacdb180	sra	2026-09-11
galga	ERR1193601	6f1badacbd1e9b30d25b69912a7ba41f	sra	2026-09-11
galga	ERR1193602	f035977f4f9bb845de3ecf4e32bdd57a	sra	2026-09-11
galga	SRR13508738	089e2b8ea61a6783878fb23e8abe15e6	sra	2026-09-11
galga	SRR13508739	4f71f76cf09222fe8fcf6c4c3791e046	sra	2026-09-11
galga	SRR23370843	5324430c0e94fa3fa2ed97a4e83c1105	sra	2026-09-11
galga	SRR23370844	13e22ee04317b209074b10a3dc224b6f	sra	2026-09-11
galga	SRR23370845	937f44cd26a3d46008ae2a7d01541f4d	sra	2026-09-11
galga	SRR23370846	9771fb51039f707d4bea1f540cf942c5	sra	2026-09-11
galga	SRR23370847	d6f8b506cce9e75fdc11a450aac595d7	sra	2026-09-11
galga	SRR23370848	9a8904f26c922b9567bdea5c8ed50b1a	sra	2026-09-11
galga	SRR23370849	a3d5476de7df39b7e02672427edfc57b	sra	2026-09-11
galga	SRR23370850	3747ff572f16b576eaf5cf3c539564de	sra	2026-09-11
galga	SRR23370851	9aa546151944e87d83a5b20b4167d852	sra	2026-09-11
galga	SRR23370852	6e9e7f9f5d1d2083d28bcd543223e35e	sra	2026-09-11
galga	SRR23370853	b18c2abde4de0d3ef09eb32025ed1d59	sra	2026-09-11
galga	SRR23370854	301ca9d619867dfc438ddbdf8f1eeef4	sra	2026-09-11
galga	SRR23370855	38ecc8a681e1c4f212a5e314b884880f	sra	2026-09-11
galga	SRR23370856	3dd0b60fe07c5b54bb47f47d1744c337	sra	2026-09-11
galga	SRR23370857	185a30af15a579404f06b0465ebb5e02	sra	2026-09-11
galga	SRR23370858	46b31b1b231efe19e79951b79cf685fd	sra	2026-09-11
galga	SRR23370859	fb0ceb21145b438948bc7616d35f3f76	sra	2026-09-11
galga	SRR23370860	c060fa0d7fe8cf6f9fb55779a1481709	sra	2026-09-11
galga	SRR23370861	e6ae7f6dabbf18c36d70e5edbe610e47	sra	2026-09-11
galga	SRR23370862	3d49f0aca0561dd70d08261c134867f8	sra	2026-09-11
galga	SRR23370863	757e69f3344116e430c2325a01c049a2	sra	2026-09-11
galga	SRR23370864	6a0c603e53a69176dd9c4858b01f4a7e	sra	2026-09-11
galga	SRR23370865	13c76a17a717c1c3291ab82d1927c66b	sra	2026-09-11
galga	SRR23370866	4994b9dc33080bfc9e3c5bc6b4bafd0f	sra	2026-09-11
galga	SRR23370867	3f43fa4139dbb2e34153753db35c2895	sra	2026-09-11
galga	SRR23370868	281acf504199db5c656bab6afecb7be9	sra	2026-09-11
galga	SRR23370869	ad1b7a8419253dcd8d0aa39930ec8425	sra	2026-09-11
galga	SRR23370870	f2c4d93bcef484eccd8fb18acd038d49	sra	2026-09-11
galga	SRR23370871	55ad6fcc051cf98018e14b86920fb378	sra	2026-09-11
galga	SRR23370872	b6c12a62b300f285c2b1397818df582d	sra	2026-09-11
galga	SRR23370873	03913632e1e55d3344cca4d53941900c	sra	2026-09-11
galga	SRR23370874	3c87eed4b829ea562d2024e96b0e87b4	sra	2026-09-11
galga	SRR23370875	233640684195fda2f67f8e9a662f6c03	sra	2026-09-11
galga	SRR23370876	1e95eeb82af975f2243bf02dc8f2c37f	sra	2026-09-11
galga	SRR23370877	234727d265a19d86381eabc896fd0917	sra	2026-09-11
galga	SRR23370878	3182099589a1e57949d089fcf19402ee	sra	2026-09-11
galga	SRR23370879	067b232c05348cc6dff5ede557cc6b43	sra	2026-09-11
galga	SRR23370880	e7fa94cc1886f667c031dccc87df0ccc	sra	2026-09-11
galga	SRR23370881	8a8972bd00c24e47db394ddf43ea6b21	sra	2026-09-11
galga	SRR23370882	4dd3529bb54b68837807c9e7a788fe6c	sra	2026-09-11
galga	SRR23370883	fcddf8dd9c6e28446eae9a2821c6ef3f	sra	2026-09-11
galga	SRR23370884	e46344188f7bebb7481a81e103b4ed48	sra	2026-09-11
galga	SRR23370885	7408e128cec11c5d7970e147cca6dfdf	sra	2026-09-11
galga	SRR23370886	f05f5ad915cd7657712dfc05b7542d37	sra	2026-09-11
galga	SRR23370887	7cfe8adb1091c29e8f7591a64931687a	sra	2026-09-11
galga	SRR23370888	66e086b1af7431b2805cb0430871e6bb	sra	2026-09-11
galga	SRR23370889	fa78865a2390648865239048842f2183	sra	2026-09-11
galga	SRR23370890	1faad8d26c0e96bb2166e3b0565f203d	sra	2026-09-11
galga	SRR23370891	274442c60f512f7b43e2d56d51cab26c	sra	2026-09-11
galga	SRR23370892	d3f7a6871fc8c75b723681c813de9074	sra	2026-09-11
galga	SRR23370893	7201e4741de8688d1c56ae262644a5f6	sra	2026-09-11
galga	SRR23370894	f6e6d78b960b1af3fd32a862d5197154	sra	2026-09-11
galga	SRR23370895	09becebfae0aa4f2b4859af329eba67f	sra	2026-09-11
galga	SRR23370896	0de44dc283432608752e89c76f040b5f	sra	2026-09-11
galga	SRR23370897	4fbda35483f571d7868a0ebd60c60a8b	sra	2026-09-11
galga	SRR23370898	fb6d232cd7ba9484df81785b39145cbb	sra	2026-09-11
galga	SRR23370899	c117ec61f0bbb496daf011b6e0e646fe	sra	2026-09-11
galga	SRR23370901	6f9d09a29f9e36ecdddf19db5b309b09	sra	2026-09-11
galga	SRR23370902	d916310aaa6213eb98e16487fb32de9b	sra	2026-09-11
galga	SRR23370903	64619fc51b35af4a14792e3b2baa0d4a	sra	2026-09-11
galga	SRR23370904	8b708623dbe5ce06de73f0f133b71247	sra	2026-09-11
galga	SRR23370905	9b67cc854d2cdcf88337991cdfa8289d	sra	2026-09-11
galga	SRR23370906	b43dad9b60f864904ad1ee0cfc422a58	sra	2026-09-11
galga	SRR23370907	6e7445543e274053dae4dfac298cf94a	sra	2026-09-11
galga	SRR23370908	7d4a828c80f71d9ae847cbba15579fe6	sra	2026-09-11
galga	SRR23370909	3b034be75a296328fadd0f9a343c6d43	sra	2026-09-11
galga	SRR23370910	e6a727d6615ae1bf5329ff9390a58590	sra	2026-09-11
galga	SRR23370911	73d453a28d911717be8984722955ae37	sra	2026-09-11
galga	SRR23370912	24c8f01363f74ac596f2246e13908347	sra	2026-09-11
galga	SRR23370913	487bfcea1b2d5132b544c6a0924ba1d7	sra	2026-09-11
galga	SRR23370914	dfffe6d59388579a7a195b1aee03ebc7	sra	2026-09-11
galga	SRR23370915	9af277fa8d4ba7e9bcc7e1a8899f2e56	sra	2026-09-11
galga	SRR23370916	9c24c01879f80476ca64f5a269459b4d	sra	2026-09-11
galga	SRR23370917	eb8c264f342b5793ca489d10140d5f93	sra	2026-09-11
galga	SRR23370918	8eae13a331bbe23df618741b6ad9a966	sra	2026-09-11
galga	SRR23370919	291c2404b08930676ef461a07d6c6340	sra	2026-09-11
galga	SRR23370920	5f7403e611279e01170afe919f45c7b3	sra	2026-09-11
galga	SRR23370921	7702858a1a96248e644027d54bb219fa	sra	2026-09-11
galga	SRR23370922	8881d9495144dd566da7d1d0c2ec67d3	sra	2026-09-11
galga	SRR23370923	65f0f49f6c59d0e3898d2578bf5d3f7c	sra	2026-09-11
galga	SRR23370924	39c2d48c0387d8214f7445747b80312a	sra	2026-09-11
galga	SRR23370925	33feb5a72bb656e093c8c2fb664ae799	sra	2026-09-11
galga	SRR23370926	95b782f41121d8799584b1da7a146ad0	sra	2026-09-11
galga	SRR23370927	4ad868be7e45c14926ff59419079cfe0	sra	2026-09-11
galga	SRR23370928	a29d2577447a2ce47e4c230900c47e61	sra	2026-09-11
galga	SRR23370929	d2a0a3e2ebd0a68b05a5fd84aa9391cb	sra	2026-09-11
galga	SRR23370930	0950a3238133de16ac35ff9b54ab076d	sra	2026-09-11
galga	SRR23370931	c50d0fca11dead65f215455916566dc4	sra	2026-09-11
galga	SRR23370932	687bce6ac2763814789c6b11306fa40f	sra	2026-09-11
galga	SRR23370933	4665aaf6d708d7b0907d2c1409346a41	sra	2026-09-11
galga	SRR23370934	6ea54c9b30d6a1b9176fa04cda5d34f9	sra	2026-09-11
galga	SRR23370935	7801c7e95cdc5bc30a0041dd7c46e84d	sra	2026-09-11
galga	SRR23370936	ec7b91f00c24ad7d948e6a73c267133b	sra	2026-09-11
maggi	SRR1066791	8aa367dd152048c60b9c125f19d2ff5c	sra	2026-09-11
maggi	SRR1066792	7e00dcbae45ea3072f5c03fa3d417195	sra	2026-09-11
maggi	SRR317134	60b7ef12b7ea66468090fab50f1e6ac2	sra	2026-09-11
maggi	SRR317136	ce898c0625050dd8c8c50985258b9db7	sra	2026-09-11
maggi	SRR317137	a2b5a502a6774ebb61b8bf9d092c0175	sra	2026-09-11
maggi	SRR317138	899434b11b75565c6e12e32b1ff04bde	sra	2026-09-11
maggi	SRR317139	ca640106a5cb3d317c8223abefde7190	sra	2026-09-11
maggi	SRR317140	0347cf1b44245cece54528a3bc01ec72	sra	2026-09-11
maggi	SRR317141	1e8838eed44c94180db155d11215dc15	sra	2026-09-11
maggi	SRR317142	a215b8c8631e75bebf81145665e06279	sra	2026-09-11
maggi	SRR317143	ce02dceee05094be2ecd76fa8111d573	sra	2026-09-11
maggi	SRR317144	31fed044aa8cf3bca6ca9bce3ec0dac0	sra	2026-09-11
maggi	SRR317145	d91af7b3d466a55e053c0263278b63bb	sra	2026-09-11
maggi	SRR317146	87ad152990080a9b0c47d2a5e9b443e7	sra	2026-09-11
maggi	SRR317147	57eb59d001ba0ec769bb8fe945e8a4c6	sra	2026-09-11
maggi	SRR317148	fcfdc1b140c6be8a12de5ea361850174	sra	2026-09-11
maggi	SRR317149	2133b558d0e40f0aee919eb1349f2f22	sra	2026-09-11
maggi	SRR317150	74634046c24c1b988da807ac7a04f4c6	sra	2026-09-11
maggi	SRR317151	015fbeb6621aa66e89e5328de5145f1d	sra	2026-09-11
maggi	SRR317152	a9acdd9ae2d59e46dc668a660bcea482	sra	2026-09-11
maggi	SRR317153	13163f13e15c55f61378784f3d1248cc	sra	2026-09-11
maggi	SRR317154	6528d84291d4bbbe4fafd888240f35f7	sra	2026-09-11
maggi	SRR33296428	e31c40ab2df1860256ce64bcf2bb9359	sra	2026-09-11
maggi	SRR33296429	474b786997595c59e14285497a92bccf	sra	2026-09-11
maggi	SRR33296430	71f6d4a469fac3ca7440ff29a2cf229f	sra	2026-09-11
maggi	SRR33296431	1ca164fc9cc4c8a945c1e6c083efa430	sra	2026-09-11
maggi	SRR33296432	bd49e6f0a09debb35d18cd74b31df29a	sra	2026-09-11
maggi	SRR33296433	5c3ea4d72a83c13be38e8d62c84d9b74	sra	2026-09-11
maggi	SRR33296434	800273032fb08f15517b534435884944	sra	2026-09-11
maggi	SRR33296435	22dbba4f4721a3e1fe63bec1a187e0ec	sra	2026-09-11
maggi	SRR33296436	d0c1af1bb008b0ee22bc42a804a9467d	sra	2026-09-11
maggi	SRR33296437	c17a25993bee8b53999ec9d07fdb3b58	sra	2026-09-11
maggi	SRR33296438	acc142b402e95385cfc2dab589f70ccf	sra	2026-09-11
maggi	SRR33296439	354f4b120d4ac58f12943c4fa9a8c4b5	sra	2026-09-11
maggi	SRR33296440	6e305aca7e69c1db9e424dee412d0ffd	sra	2026-09-11
maggi	SRR33296441	925e1edc53bf91865d7ae707f2a6e651	sra	2026-09-11
maggi	SRR33296442	b6d3884b4786f112ce99dff70f474ab1	sra	2026-09-11
maggi	SRR33296443	b6bb891b19349ada9acf01722fb747bb	sra	2026-09-11
maggi	SRR33296444	9a286a227c71903b28cd0a297b58a7fc	sra	2026-09-11
maggi	SRR33296445	c0a88642aff76d8da7ecc637afd2e76f	sra	2026-09-11
maggi	SRR33296446	046040a36c26905e8d41bd6ea979c864	sra	2026-09-11
maggi	SRR33296447	c7b04eadbdda3cde2a759f7f640fb4d5	sra	2026-09-11
maggi	SRR33296448	d322eb94975fe0652ec8fb4712227feb	sra	2026-09-11
maggi	SRR33296449	80888a1e8b11e262e217a23a412c29d0	sra	2026-09-11
maggi	SRR33296450	c4b5a5d117f9eb6a702791945e4ab5da	sra	2026-09-11
maggi	SRR33296451	f76058a8876f18b97acff374735669ec	sra	2026-09-11
maggi	SRR33296452	b013adc731404eb488a33808a0504f45	sra	2026-09-11
maggi	SRR33296453	5ef12b7850aeaca9f3daf11374b54a38	sra	2026-09-11
maggi	SRR33296454	784b98c1b5d4610c0e477e1d966d2c4a	sra	2026-09-11
maggi	SRR33296455	57e791d99f75a9a68657bd3457990e71	sra	2026-09-11
maggi	SRR33296456	ed51ed44e778325e42c101f793448327	sra	2026-09-11
maggi	SRR33296457	687b45ed1647ba00210e9a65901e0d8a	sra	2026-09-11
maggi	SRR33296458	9c8bf81060d2a4231a6b3746af8627c4	sra	2026-09-11
maggi	SRR33296459	3eca044b9b147f3ee5d8d197f81c7023	sra	2026-09-11
maggi	SRR33296460	fa78a7e009d8e6e47a843e4775a2b0b9	sra	2026-09-11
maldo	SRR13169725	12847adbcb6d2c15186abad59273095c	sra	2026-09-11
maldo	SRR13169726	09c1b058c939fc431092f8a57d3d3ad8	sra	2026-09-11
maldo	SRR13169727	96d827a46a8bad8bd1ab3c98e716a8cd	sra	2026-09-11
maldo	SRR13169728	ad26e15a2a4d084d92d911c58c5ec878	sra	2026-09-11
maldo	SRR13169729	7fcd8f935580d56ec95ce44739538b99	sra	2026-09-11
maldo	SRR13169730	47667b76a95589df4227e103c90f2c04	sra	2026-09-11
maldo	SRR13169731	3f07df89181225d14935d77278a512af	sra	2026-09-11
maldo	SRR13169732	52b6aebb647bcd2b9cb9d4992562de83	sra	2026-09-11
maldo	SRR13169733	592cc73ad5305a446f02584abdde5dd4	sra	2026-09-11
maldo	SRR13169734	f666e0f7d6c0860dc115a8883299bdd9	sra	2026-09-11
maldo	SRR13169735	ed7bd72bb44552e51a7ac979b4670f38	sra	2026-09-11
maldo	SRR13169736	e64aeb84a2fd08d2515c4db78041adda	sra	2026-09-11
maldo	SRR13169737	1dc33279ed6849b67190afbbe2dfed52	sra	2026-09-11
maldo	SRR13169738	e3f2d7d836731645ff3edebaf3858272	sra	2026-09-11
maldo	SRR13169739	7e80e6cc570ab8d37d8365b8d5a66acd	sra	2026-09-11
maldo	SRR13169740	3d73deb34b07aa2eb97c2530f9368400	sra	2026-09-11
maldo	SRR13169741	c984f63082378005b528c06910a47c04	sra	2026-09-11
maldo	SRR13169742	702cd42264497b55f7e980a713a6d1fd	sra	2026-09-11
maldo	SRR13169743	672855a71596c610eca5fabc5e1c6b82	sra	2026-09-11
maldo	SRR13169744	a1b61f561a8b7ef10e3da21cd05c9cd6	sra	2026-09-11
maldo	SRR13169745	7e875f5cfb63b538ea8ef897215423e3	sra	2026-09-11
maldo	SRR13169746	e5b9050f2e0f7fce60c36d0053cd5ee9	sra	2026-09-11
maldo	SRR13169747	9a00d2c9a6e21342ffe8e874f4c642e3	sra	2026-09-11
maldo	SRR13169748	bbf2991c7ca519fbe5d37781732b687e	sra	2026-09-11
maldo	SRR13169749	497e8162e97524eae40977e287d41ce2	sra	2026-09-11
maldo	SRR13169750	85f4989d0aefaded43df107c1252eb10	sra	2026-09-11
maldo	SRR13169751	611906c7a6682c0799e3ac104d4181b3	sra	2026-09-11
maldo	SRR13169752	c33c7b2fc4390056658ef66683e8418e	sra	2026-09-11
maldo	SRR13169753	ebe6d970e5457547e345e6df47545ed7	sra	2026-09-11
maldo	SRR13169754	bab221a2f7c6aaf28d88b44d6ec160aa	sra	2026-09-11
maldo	SRR13169755	4353d91537af879445a9f11e799b7987	sra	2026-09-11
maldo	SRR13169756	7370b71250572509ea3198198dd9cd20	sra	2026-09-11
maldo	SRR13169757	cc17288395b063b2d76e8fc63869bd12	sra	2026-09-11
maldo	SRR13169758	53982fa35815debc6cef148e83f4f8aa	sra	2026-09-11
maldo	SRR13169759	031f3c47b48c4a0119746fe778e81cf2	sra	2026-09-11
maldo	SRR13169760	c484e07f3bb471272b29ecd0c58a4295	sra	2026-09-11
maldo	SRR17052144	cfb72c8406730a6e3799ae9b525d24ed	sra	2026-09-11
maldo	SRR17052145	7e4512b4c29b0b5a3cda96d411b03a8e	sra	2026-09-11
maldo	SRR17052146	b455922116bb841acbfdc4549adaef76	sra	2026-09-11
maldo	SRR17052147	2388651e55d8517749231729a5d3295f	sra	2026-09-11
maldo	SRR17052148	1a2704d3a302e6d0bc290a4db7f17894	sra	2026-09-11
maldo	SRR17052149	08f64ae55a58126ab669ed0956d5986d	sra	2026-09-11
maldo	SRR17052150	036378e03b0456b0c197668721417442	sra	2026-09-11
maldo	SRR17052151	c333356986c7cdef69d97e955260ba27	sra	2026-09-11
maldo	SRR17052152	058fa5bf84d6b648c6abfbf24aed501f	sra	2026-09-11
maldo	SRR17052153	2d7ed2a2ddd20fd2a108fa32488f22cc	sra	2026-09-11
maldo	SRR17052154	93686061e5f1c5a0ba4f2e2bbc1db8e3	sra	2026-09-11
maldo	SRR17052155	0a016c16f1bedc0c74c2c33510b64204	sra	2026-09-11
maldo	SRR17052156	fb1bb7bf1c603723b59a50ae0ae4ab44	sra	2026-09-11
maldo	SRR17052157	d85e50ae17309095fbac543637a617fd	sra	2026-09-11
maldo	SRR17052158	9e720065c4b9462f331fd7ce93579d26	sra	2026-09-11
maldo	SRR17052159	f48de470b74c3a03935692e135591baf	sra	2026-09-11
maldo	SRR17052160	bcf7bacc42ae86b4cf277d813c0ea3fa	sra	2026-09-11
maldo	SRR17052161	4155d9b5f5eb527dfa37c53ec5a1404f	sra	2026-09-11
maldo	SRR17052162	aed154c3eb10cafe9891b0301eeff121	sra	2026-09-11
maldo	SRR17052163	89a4469e9591a681af4414a9ee520dd0	sra	2026-09-11
maldo	SRR17052164	b1bf823ad7f114e70f5d9f2d6ad818b8	sra	2026-09-11
maldo	SRR17052165	a5d118841310b2426c0aa181236efe2d	sra	2026-09-11
maldo	SRR17052166	8287ea8f1dbb1f89daa9a1e8603bdfe0	sra	2026-09-11
maldo	SRR17052167	521bb9613b03528c0e34d902d6fd47c7	sra	2026-09-11
maldo	SRR17052168	918150d0ef9480a17fb45fa6d84a9b49	sra	2026-09-11
maldo	SRR17052169	610214afe4adaa645e0a93310212a30b	sra	2026-09-11
maldo	SRR17052170	65c19b06448b79a03252654bd3bc548d	sra	2026-09-11
maldo	SRR17052171	9f2959c18ff39a90dcf6f9906380adc0	sra	2026-09-11
maldo	SRR17052172	2deaf35826a032de017632e5b442e45f	sra	2026-09-11
phypa	SRR1013387	b87e343eee6e5800fb86afabc06d1d36	sra	2026-09-11
phypa	SRR1013388	bb873615561618b3c314ba82ef1a55e1	sra	2026-09-11
phypa	SRR1013389	27a09dd67a036bb4a21cde236ec38b8b	sra	2026-09-11
phypa	SRR1013390	9e26bd438adcc8eeb769218690cec80a	sra	2026-09-11
phypa	SRR1013391	0631766c8887d3f856e941a8970a8693	sra	2026-09-11
phypa	SRR1013392	d4aa60395ab5fe049298c34769ae9dcd	sra	2026-09-11
phypa	SRR1013393	a0be1b5b720d9b7e1da9a3df8482593b	sra	2026-09-11
phypa	SRR1013394	d163ecb38867b7e81637f918b1f94450	sra	2026-09-11
phypa	SRR1013395	4d9419de8f02cbdc1dc39c819a850b0a	sra	2026-09-11
phypa	SRR1013396	a17fe2a288815691e10c7154c9956ab2	sra	2026-09-11
phypa	SRR1013397	8a0cf6a773dec27971001f9a688811c8	sra	2026-09-11
phypa	SRR1013398	226ed0bc9670fbece3cd89c79bad81bf	sra	2026-09-11
phypa	SRR1013399	bb7b8a4f862d7f43e35e0f091d5180a5	sra	2026-09-11
phypa	SRR1013400	474b192707a3d8a901537d8fe7b36bab	sra	2026-09-11
phypa	SRR1013401	412e4baa379d37da683c1a020fcf800d	sra	2026-09-11
phypa	SRR1013402	45a97bcb55a47b948af40127c224f55e	sra	2026-09-11
phypa	SRR1013405	647c86d461e0022a3f2f12b4aa18a57c	sra	2026-09-11
phypa	SRR1013406	34e939e2b960b5e3e46d2e49dfbc7327	sra	2026-09-11
phypa	SRR1013409	915efbf8f336ddebf961c3b813dffb7a	sra	2026-09-11
phypa	SRR1013410	87a851dbd699c1800107c57225d49a54	sra	2026-09-11
phypa	SRR1013411	4308a2bb46af3fc993cad20591575dd4	sra	2026-09-11
phypa	SRR1013412	1a0df970e2e6d37b0443e29d2d32e80c	sra	2026-09-11
phypa	SRR1013413	fc3054ad1fda1595a75a143d3bc31c4b	sra	2026-09-11
phypa	SRR1013414	a556f2b28a329b28f388a0c0fe7aa29e	sra	2026-09-11
phypa	SRR1013415	42ce668941f98ea00649509b1b250d69	sra	2026-09-11
phypa	SRR1013416	fe63267ab4cd1e5f4f25f82e23359a7c	sra	2026-09-11
phypa	SRR1013417	792d4e748c1db62c902c274306f3a5e6	sra	2026-09-11
phypa	SRR1013418	5eecf8c8e234e3e0b72c70dfedff988a	sra	2026-09-11
phypa	SRR1013419	b9777c54056481ed407a1b543e795c44	sra	2026-09-11
phypa	SRR1013420	a2cdf97fe6b2cdd55adee0f8d479bed9	sra	2026-09-11
phypa	SRR1842129	ed02267c4341d1dca5eb98f9abad8b5c	sra	2026-09-11
phypa	SRR1842130	797ccadebc07e01e0cc327859469c362	sra	2026-09-11
phypa	SRR1842131	0beb88fdc2b87efde914cafa510455c9	sra	2026-09-11
phypa	SRR1842132	1e2aafa6e2b90ef8cd6e5e9f705791fb	sra	2026-09-11
phypa	SRR1842133	c54dbac2d42ae3836bc3bc190313e75e	sra	2026-09-11
phypa	SRR1842134	647f6fcf30c33c4f50837348b4003499	sra	2026-09-11
phypa	SRR1842135	46980663dc26ae351e766d4b2b4a2f62	sra	2026-09-11
phypa	SRR1842136	a038d4a95996f477d8607722c66480d9	sra	2026-09-11
phypa	SRR1842137	e050f80fca718b557b874a0011898c38	sra	2026-09-11
phypa	SRR1842138	e3da82907bd73bef34f56c981da06bd3	sra	2026-09-11
prupe	SRR16955447	2ddf617a57be93c66a8621c9841ad649	sra	2026-09-11
prupe	SRR16955448	d4882afb3281a6663ce27708693ebc1b	sra	2026-09-11
prupe	SRR16955449	e94ec00f7764a980f20903fc45457a2d	sra	2026-09-11
prupe	SRR16955450	edfdc7bdf444501d368b4b898030beaf	sra	2026-09-11
prupe	SRR16955451	c73ecd7737bb91b203931479e9c41be5	sra	2026-09-11
prupe	SRR16955452	adf8e20665d7295c59039400d6e18331	sra	2026-09-11
prupe	SRR16955453	05364899121ff69efa5a9e9ec5829396	sra	2026-09-11
prupe	SRR23277330	5cd768857618d2cca311f440f2edbe9f	sra	2026-09-11
prupe	SRR23277331	206aae1610e939d93d270ef0fe3d616c	sra	2026-09-11
prupe	SRR23277339	0d3ce1ce1020b18976eb832c783e528f	sra	2026-09-11
prupe	SRR23277340	7686e23d3d1dad306f2ab7bc7c21338e	sra	2026-09-11
prupe	SRR23277341	be2f838d0e6071d5ac760df304f9a0ed	sra	2026-09-11
prupe	SRR23277342	54a9a1be532f5f5b44f4a11de7700384	sra	2026-09-11
prupe	SRR23277343	748cc77441cf1664d29ec0991a02d204	sra	2026-09-11
prupe	SRR23277344	415df2b49536d86194001df07eb72630	sra	2026-09-11
prupe	SRR23277345	98d1c365482ce1e740e7eaae5e181ef2	sra	2026-09-11
rhirr	ERR2841782	29576439bd1873c6a434eb9885eb0b33	sra	2026-09-11
rhirr	ERR2841783	2f4aa7f0b10d9718dc9b95262501639f	sra	2026-09-11
rhirr	ERR2841784	543e3e96a4e8a1580a149138d9e5e19a	sra	2026-09-11
rhirr	ERR2841785	83e84fec92998f6d5f6219fceb9e4989	sra	2026-09-11
rhirr	ERR2841786	246c0ab983507827967ec496f3093a90	sra	2026-09-11
rhirr	ERR2841787	6e2801c6f662372437226ead32406f3e	sra	2026-09-11
rhirr	ERR2841788	5ce76e8ee2acca197da16af62d1a2f66	sra	2026-09-11
rhirr	ERR2841789	0b4659261120a5100e89e0a3b6b772ea	sra	2026-09-11
rhirr	ERR2841790	86c9c760ab3c2c6239a45cb7a9dc7885	sra	2026-09-11
rhirr	SRR14251174	a2fa83ade6f171f5fe9978b1de90f351	sra	2026-09-11
rhirr	SRR14251175	9d081492a98750fbd0f27af7aeaa13d6	sra	2026-09-11
rhirr	SRR14251176	89bf50f83bbd0cbe9a66f745f74c99d9	sra	2026-09-11
rhirr	SRR14251177	997e6247cb769649574a50a2e1cc5b74	sra	2026-09-11
rhirr	SRR14251178	2b4b5338e6170c720c9f60677274848d	sra	2026-09-11
rhirr	SRR14251179	af60751dfe81fd5ce5f3d70adf9401bb	sra	2026-09-11
rhirr	SRR14251180	ff22b1746d42e8888ed37adc01235c40	sra	2026-09-11
rhirr	SRR14251181	950352497f1dec9534a37ec53cc8c43d	sra	2026-09-11
rhirr	SRR14251182	336050a2abcdd02458ba1f8de5a4482b	sra	2026-09-11
rhirr	SRR14251183	b79ff71998e18b0761c61d11778d72c0	sra	2026-09-11
rhirr	SRR14251184	cec8d3678be070db45fd9845c1ec2b74	sra	2026-09-11
rhirr	SRR14251186	9b3ae0f5381a8ec25a222a26f584fd80	sra	2026-09-11
rhirr	SRR14251187	c71cee545779964c6e61c967a9b740b1	sra	2026-09-11
sclsc	SRR7407892	a98f381fefaf89cbafcb929300497a63	sra	2026-09-11
sclsc	SRR7407893	4a772d619662e13ce6623e7f5ab77edc	sra	2026-09-11
sclsc	SRR7407894	4e15a43976f84ad1f04d3a123bedb4bf	sra	2026-09-11
sclsc	SRR7407895	b7f3f7c4618c66fd99093b23925411e8	sra	2026-09-11
sclsc	SRR7407896	24a20e827da863127886958e3048d774	sra	2026-09-11
sclsc	SRR7407897	58b7920edcf281043dd5fb5c4028fdd4	sra	2026-09-11
sclsc	SRR7407898	beed914dbe416d41c3bf40c230db3f81	sra	2026-09-11
sclsc	SRR7407899	3376b24b8888514d2c5dd26b26eb4a23	sra	2026-09-11
sclsc	SRR7407900	527e2991cc26dced762885f66d345de2	sra	2026-09-11
sclsc	SRR7407901	2db336c10de58fecd508c049082bd2f1	sra	2026-09-11
sclsc	SRR7407902	32418c10bbc19198dee0791c06001147	sra	2026-09-11
sclsc	SRR7407903	16d407d30ef194fa6daea85d7c5979d4	sra	2026-09-11
sclsc	SRR7407904	8cf8057a5a3ff3ea3e8011cb24759a7a	sra	2026-09-11
sclsc	SRR7407905	2d229ce2cb9a7dd1afbb365a36ba69aa	sra	2026-09-11
sclsc	SRR7407906	dc5445f2e9e1ae24a22a0f63d5f9b0cb	sra	2026-09-11
sclsc	SRR7407907	f9608c75fc1fa688a42179639089e8f7	sra	2026-09-11
sclsc	SRR7407908	18527a506c557fe6ad1bb47195953c40	sra	2026-09-11
sclsc	SRR7407909	9154ce3d3d895b353acad78af745255d	sra	2026-09-11
