org	run	read_count	strategy	layout
rhirr	ERR2841785	27041986	miRNA-Seq	SINGLE
rhirr	ERR2841782	23176392	miRNA-Seq	SINGLE
rhirr	ERR2841783	24951244	miRNA-Seq	SINGLE
rhirr	ERR2841788	27901425	miRNA-Seq	SINGLE
rhirr	ERR2841789	24953282	miRNA-Seq	SINGLE
rhirr	ERR2841790	22700364	miRNA-Seq	SINGLE
rhirr	ERR2841784	26413301	miRNA-Seq	SINGLE
rhirr	ERR2841786	25805885	miRNA-Seq	SINGLE
rhirr	ERR2841787	26716518	miRNA-Seq	SINGLE
sclsc	SRR7407892	6726018	miRNA-Seq	SINGLE
sclsc	SRR7407895	6772389	miRNA-Seq	SINGLE
sclsc	SRR7407898	8149316	miRNA-Seq	SINGLE
sclsc	SRR7407893	7386391	miRNA-Seq	SINGLE
sclsc	SRR7407897	6452442	miRNA-Seq	SINGLE
sclsc	SRR7407901	7241315	miRNA-Seq	SINGLE
sclsc	SRR7407905	9912968	miRNA-Seq	SINGLE
sclsc	SRR7407906	30031005	miRNA-Seq	SINGLE
sclsc	SRR7407894	6447792	miRNA-Seq	SINGLE
sclsc	SRR7407896	6018471	miRNA-Seq	SINGLE
sclsc	SRR7407899	6266016	miRNA-Seq	SINGLE
sclsc	SRR7407900	5591530	miRNA-Seq	SINGLE
sclsc	SRR7407902	18033974	miRNA-Seq	SINGLE
sclsc	SRR7407903	9945906	miRNA-Seq	SINGLE
sclsc	SRR7407904	8666064	miRNA-Seq	SINGLE
sclsc	SRR7407907	16334934	miRNA-Seq	SINGLE
sclsc	SRR7407908	11790536	miRNA-Seq	SINGLE
sclsc	SRR7407909	11878318	miRNA-Seq	SINGLE
arath	SRR9216050	8294757	miRNA-Seq	SINGLE
arath	SRR9216049	7883706	miRNA-Seq	SINGLE
arath	SRR9216053	5972899	miRNA-Seq	SINGLE
phypa	SRR1013390	17976341	RNA-Seq	SINGLE
phypa	SRR1013399	34507235	RNA-Seq	SINGLE
phypa	SRR1013402	18069798	RNA-Seq	SINGLE
phypa	SRR1013405	22648650	RNA-Seq	SINGLE
phypa	SRR1013413	16393643	RNA-Seq	SINGLE
phypa	SRR1013414	22921561	RNA-Seq	SINGLE
phypa	SRR1013416	26650160	RNA-Seq	SINGLE
phypa	SRR1013420	21750654	RNA-Seq	SINGLE
phypa	SRR1013389	33105852	RNA-Seq	SINGLE
phypa	SRR1013391	14021710	RNA-Seq	SINGLE
phypa	SRR1013392	24040432	RNA-Seq	SINGLE
phypa	SRR1013395	29327336	RNA-Seq	SINGLE
phypa	SRR1013397	23791187	RNA-Seq	SINGLE
phypa	SRR1013406	21055699	RNA-Seq	SINGLE
phypa	SRR1013409	20486775	RNA-Seq	SINGLE
phypa	SRR1013415	26348127	RNA-Seq	SINGLE
phypa	SRR1013418	16148083	RNA-Seq	SINGLE
phypa	SRR1013387	17825775	RNA-Seq	SINGLE
phypa	SRR1013388	18077300	RNA-Seq	SINGLE
phypa	SRR1013393	19857142	RNA-Seq	SINGLE
phypa	SRR1013394	19850564	RNA-Seq	SINGLE
phypa	SRR1013396	19845924	RNA-Seq	SINGLE
phypa	SRR1013398	23702749	RNA-Seq	SINGLE
phypa	SRR1013400	23718926	RNA-Seq	SINGLE
phypa	SRR1013401	19450905	RNA-Seq	SINGLE
phypa	SRR1013410	20902248	RNA-Seq	SINGLE
phypa	SRR1013411	13682410	RNA-Seq	SINGLE
phypa	SRR1013412	19973986	RNA-Seq	SINGLE
phypa	SRR1013417	17375803	RNA-Seq	SINGLE
phypa	SRR1013419	20457244	RNA-Seq	SINGLE
danre	SRR8305622	27095282	miRNA-Seq	SINGLE
danre	SRR8305626	25003395	miRNA-Seq	SINGLE
danre	SRR8305630	35647774	miRNA-Seq	SINGLE
danre	SRR8305633	44724215	miRNA-Seq	SINGLE
danre	SRR8305636	10558523	miRNA-Seq	SINGLE
danre	SRR8305638	14186705	miRNA-Seq	SINGLE
danre	SRR8305646	15712608	miRNA-Seq	SINGLE
danre	SRR8305647	9891052	miRNA-Seq	SINGLE
danre	SRR8305650	12900373	miRNA-Seq	SINGLE
danre	SRR8305610	13974739	miRNA-Seq	SINGLE
danre	SRR8305611	3357609	miRNA-Seq	SINGLE
danre	SRR8305617	16447985	miRNA-Seq	SINGLE
danre	SRR8305618	23705711	miRNA-Seq	SINGLE
danre	SRR8305619	33312577	miRNA-Seq	SINGLE
danre	SRR8305628	31765762	miRNA-Seq	SINGLE
danre	SRR8305629	31039794	miRNA-Seq	SINGLE
danre	SRR8305632	24771871	miRNA-Seq	SINGLE
danre	SRR8305634	21110954	miRNA-Seq	SINGLE
danre	SRR8305635	3148779	miRNA-Seq	SINGLE
danre	SRR8305637	9224051	miRNA-Seq	SINGLE
danre	SRR8305641	31249881	miRNA-Seq	SINGLE
danre	SRR8305644	7835628	miRNA-Seq	SINGLE
danre	SRR8305645	9419682	miRNA-Seq	SINGLE
danre	SRR8305648	11563281	miRNA-Seq	SINGLE
danre	SRR8305654	26848196	miRNA-Seq	SINGLE
danre	SRR8305613	18407599	miRNA-Seq	SINGLE
danre	SRR8305614	17784191	miRNA-Seq	SINGLE
danre	SRR8305615	16157306	miRNA-Seq	SINGLE
danre	SRR8305616	19539179	miRNA-Seq	SINGLE
danre	SRR8305620	21542823	miRNA-Seq	SINGLE
danre	SRR8305621	29432823	miRNA-Seq	SINGLE
danre	SRR8305624	31560044	miRNA-Seq	SINGLE
danre	SRR8305625	24696070	miRNA-Seq	SINGLE
danre	SRR8305627	31273215	miRNA-Seq	SINGLE
danre	SRR8305631	21251138	miRNA-Seq	SINGLE
danre	SRR8305640	5495660	miRNA-Seq	SINGLE
danre	SRR8305642	12941527	miRNA-Seq	SINGLE
danre	SRR8305643	23831434	miRNA-Seq	SINGLE
danre	SRR8305649	13656404	miRNA-Seq	SINGLE
danre	SRR8305651	20324998	miRNA-Seq	SINGLE
danre	SRR8305652	28115445	miRNA-Seq	SINGLE
danre	SRR8305653	26348066	miRNA-Seq	SINGLE
nemve	SRR5230185	3487516	miRNA-Seq	SINGLE
nemve	SRR5230186	3474620	miRNA-Seq	SINGLE
nemve	SRR5230192	3521678	miRNA-Seq	SINGLE
nemve	SRR5230200	3989803	miRNA-Seq	SINGLE
nemve	SRR5230210	3335608	miRNA-Seq	SINGLE
nemve	SRR5230212	3329559	miRNA-Seq	SINGLE
nemve	SRR5230220	3101625	miRNA-Seq	SINGLE
nemve	SRR5230227	5192785	miRNA-Seq	SINGLE
nemve	SRR5230238	3860634	miRNA-Seq	SINGLE
nemve	SRR5230242	3453916	miRNA-Seq	SINGLE
nemve	SRR5230243	3392730	miRNA-Seq	SINGLE
nemve	SRR5230245	3497653	miRNA-Seq	SINGLE
nemve	SRR5230247	3492488	miRNA-Seq	SINGLE
nemve	SRR5230249	3432579	miRNA-Seq	SINGLE
nemve	SRR5230251	3441877	miRNA-Seq	SINGLE
nemve	SRR5230252	3485119	miRNA-Seq	SINGLE
nemve	SRR5230256	3049170	miRNA-Seq	SINGLE
nemve	SRR5230258	4485563	miRNA-Seq	SINGLE
nemve	SRR5230259	4421513	miRNA-Seq	SINGLE
nemve	SRR5230269	4158213	miRNA-Seq	SINGLE
nemve	SRR5230271	4159964	miRNA-Seq	SINGLE
nemve	SRR5230300	3005486	miRNA-Seq	SINGLE
nemve	SRR5230187	3491435	miRNA-Seq	SINGLE
nemve	SRR5230188	3445792	miRNA-Seq	SINGLE
nemve	SRR5230189	3573892	miRNA-Seq	SINGLE
nemve	SRR5230190	3530360	miRNA-Seq	SINGLE
nemve	SRR5230191	3586632	miRNA-Seq	SINGLE
nemve	SRR5230199	4085716	miRNA-Seq	SINGLE
nemve	SRR5230211	3483571	miRNA-Seq	SINGLE
nemve	SRR5230217	3080099	miRNA-Seq	SINGLE
nemve	SRR5230218	3130142	miRNA-Seq	SINGLE
nemve	SRR5230219	3077478	miRNA-Seq	SINGLE
nemve	SRR5230225	5221649	miRNA-Seq	SINGLE
nemve	SRR5230228	5076923	miRNA-Seq	SINGLE
nemve	SRR5230229	3073203	miRNA-Seq	SINGLE
nemve	SRR5230231	3073171	miRNA-Seq	SINGLE
nemve	SRR5230234	3051717	miRNA-Seq	SINGLE
nemve	SRR5230237	3826446	miRNA-Seq	SINGLE
nemve	SRR5230239	3839680	miRNA-Seq	SINGLE
nemve	SRR5230246	3609561	miRNA-Seq	SINGLE
nemve	SRR5230254	3062907	miRNA-Seq	SINGLE
nemve	SRR5230255	3011021	miRNA-Seq	SINGLE
nemve	SRR5230260	4455979	miRNA-Seq	SINGLE
nemve	SRR5230270	4245484	miRNA-Seq	SINGLE
nemve	SRR5230273	3747866	miRNA-Seq	SINGLE
nemve	SRR5230274	3849997	miRNA-Seq	SINGLE
nemve	SRR5230275	3753607	miRNA-Seq	SINGLE
nemve	SRR5230276	3826732	miRNA-Seq	SINGLE
nemve	SRR5230278	3005251	miRNA-Seq	SINGLE
nemve	SRR5230290	3051275	miRNA-Seq	SINGLE
nemve	SRR5230292	3038431	miRNA-Seq	SINGLE
nemve	SRR5230197	4086849	miRNA-Seq	SINGLE
nemve	SRR5230198	4004979	miRNA-Seq	SINGLE
nemve	SRR5230209	3479160	miRNA-Seq	SINGLE
nemve	SRR5230226	5141751	miRNA-Seq	SINGLE
nemve	SRR5230230	3000505	miRNA-Seq	SINGLE
nemve	SRR5230236	3030380	miRNA-Seq	SINGLE
nemve	SRR5230240	3845428	miRNA-Seq	SINGLE
nemve	SRR5230241	3395486	miRNA-Seq	SINGLE
nemve	SRR5230244	3426396	miRNA-Seq	SINGLE
nemve	SRR5230248	3564258	miRNA-Seq	SINGLE
nemve	SRR5230250	3503905	miRNA-Seq	SINGLE
nemve	SRR5230257	4415123	miRNA-Seq	SINGLE
nemve	SRR5230272	4218974	miRNA-Seq	SINGLE
nemve	SRR5230289	3075487	miRNA-Seq	SINGLE
nemve	SRR5230291	3079189	miRNA-Seq	SINGLE
nemve	SRR5230298	3014002	miRNA-Seq	SINGLE
